{"cameraMode":{"drawMode":0,"name":"Shaded","section":"Shading Mode"},"sceneLighting":true,"audioPlay":false,"sceneViewState":{"m_AlwaysRefresh":true,"showFog":true,"showSkybox":true,"showFlares":true,"showImageEffects":true,"showParticleSystems":true,"showVisualEffectGraphs":true,"m_FxEnabled":true},"in2DMode":false,"pivot":{"x":1.802652359008789,"y":6.959172248840332,"z":8.438690185546875},"rotation":{"x":-0.27132898569107058,"y":0.13999728858470918,"z":-0.039924975484609607,"w":-0.9514161348342896},"size":16.13250160217285,"orthographic":false}